insert into user (user_id, name, license_no, license_expiry, phone, license_type, regi_type, reschedule_count, prefGLocation, prefG2location, pref_date_start, pref_date_end) values (1, 'Sherlock Colville', 'Vera', '18/19/1971', '7134574186', 'Yuri Heales', 'Emmie Dubose', 1, 'Kragujevac', 'Fuliang', '2/15/2121', '1/27/2121');
insert into user (user_id, name, license_no, license_expiry, phone, license_type, regi_type, reschedule_count, prefGLocation, prefG2location, pref_date_start, pref_date_end) values (2, 'Alfreda Stang-Gjertsen', 'Kropf', '12/18/1964', '7725489789', 'Chase Bloxham', 'Clevie Fearby', 2, 'Marabahan', 'Tominian', '6/15/2121', '12/13/2119');
insert into user (user_id, name, license_no, license_expiry, phone, license_type, regi_type, reschedule_count, prefGLocation, prefG2location, pref_date_start, pref_date_end) values (3, 'Otha Tingly', 'Melody', '11/24/1981', '3119381179', 'Abagael D''Andrea', 'Shawnee Maffia', 3, 'Inglewood', 'Pubal', '1/8/2121', '4/4/2121');
insert into user (user_id, name, license_no, license_expiry, phone, license_type, regi_type, reschedule_count, prefGLocation, prefG2location, pref_date_start, pref_date_end) values (4, 'Devi Hebbs', 'Fairview', '12/18/2119', '4468631769', 'Olivier Floyd', 'Pearl Seivwright', 4, 'Cibinong Satu', 'San Carlos de Bariloche', '7/2/2121', '9/11/2121');
insert into user (user_id, name, license_no, license_expiry, phone, license_type, regi_type, reschedule_count, prefGLocation, prefG2location, pref_date_start, pref_date_end) values (5, 'Pete Aimer', 'Elgar', '13/23/2111', '3917753324', 'Poppy Coraini', 'Mile Champ', 5, 'Čerčany', 'Emplak', '11/28/2121', '8/26/2121');
insert into user (user_id, name, license_no, license_expiry, phone, license_type, regi_type, reschedule_count, prefGLocation, prefG2location, pref_date_start, pref_date_end) values (6, 'Kipp Rawlins', 'Fairfield', '17/28/2117', '9186649321', 'Lind Josephs', 'Cindra Bilyard', 6, 'Chengfeng', 'San Vicente', '5/3/2121', '12/11/2121');
insert into user (user_id, name, license_no, license_expiry, phone, license_type, regi_type, reschedule_count, prefGLocation, prefG2location, pref_date_start, pref_date_end) values (7, 'Annice Moncreif', 'Union', '16/28/1974', '1399113519', 'Launce McKeowon', 'Corrine Itzakovitz', 7, 'Petrodvorets', 'Sanxixiang', '1/26/2121', '6/23/2121');
insert into user (user_id, name, license_no, license_expiry, phone, license_type, regi_type, reschedule_count, prefGLocation, prefG2location, pref_date_start, pref_date_end) values (8, 'Rodrick Tumayan', 'Kensington', '15/26/1977', '4317511269', 'Sara Conquer', 'Bobby Macauley', 8, 'Gllogjan', 'Aracruz', '8/13/2121', '11/9/2121');
insert into user (user_id, name, license_no, license_expiry, phone, license_type, regi_type, reschedule_count, prefGLocation, prefG2location, pref_date_start, pref_date_end) values (9, 'Drugi Radeliffe', 'Loomis', '12/13/1993', '4319658191', 'Cathryn Saben', 'Tome Burfitt', 9, 'Kuroiso', 'Vnukovo', '9/21/2121', '11/12/2121');
insert into user (user_id, name, license_no, license_expiry, phone, license_type, regi_type, reschedule_count, prefGLocation, prefG2location, pref_date_start, pref_date_end) values (11, 'Shirleen Schout', 'Londonderry', '19/11/1993', '6126639791', 'Calvin Powelee', 'Roselin Hannigan', 11, 'Dĩ An', 'Pajagan', '4/1/2121', '9/1/2121');
insert into user (user_id, name, license_no, license_expiry, phone, license_type, regi_type, reschedule_count, prefGLocation, prefG2location, pref_date_start, pref_date_end) values (12, 'Kalindi Doubrava', 'Lakewood Gardens', '14/22/1968', '7985551185', 'Freeman Bourdice', 'Law Goneau', 12, 'Mochudi', 'Dusit', '11/15/2119', '11/31/2121');
insert into user (user_id, name, license_no, license_expiry, phone, license_type, regi_type, reschedule_count, prefGLocation, prefG2location, pref_date_start, pref_date_end) values (13, 'Adriana Trench', 'Grasskamp', '16/19/2113', '4826191194', 'Lacey Beslier', 'Shela Bister', 13, 'Batutua', 'San Eduardo', '1/3/2121', '9/6/2121');
insert into user (user_id, name, license_no, license_expiry, phone, license_type, regi_type, reschedule_count, prefGLocation, prefG2location, pref_date_start, pref_date_end) values (14, 'Forster Dryburgh', 'Commercial', '19/14/2115', '9298218211', 'Mahmud Bolton', 'Dominica Bonus', 14, 'Auriflama', 'Viterbo', '4/3/2121', '9/14/2121');
insert into user (user_id, name, license_no, license_expiry, phone, license_type, regi_type, reschedule_count, prefGLocation, prefG2location, pref_date_start, pref_date_end) values (15, 'Packston Gheorghe', 'Jana', '12/13/2111', '3121566789', 'Elvira Rumsey', 'Justina McCabe', 15, 'Tân Việt', 'Provatás', '5/28/2121', '8/17/2121');
insert into user (user_id, name, license_no, license_expiry, phone, license_type, regi_type, reschedule_count, prefGLocation, prefG2location, pref_date_start, pref_date_end) values (16, 'Stanislaw Dobbing', 'Sunfield', '18/16/2119', '8121316855', 'Padriac Levick', 'Velma Kightly', 16, 'Ostrožac', 'Lingbeizhou', '2/25/2121', '5/4/2121');
insert into user (user_id, name, license_no, license_expiry, phone, license_type, regi_type, reschedule_count, prefGLocation, prefG2location, pref_date_start, pref_date_end) values (17, 'Hermia Battams', 'Veith', '13/11/2111', '1947441546', 'Kristen Pucknell', 'Junina Bohin', 17, 'Uddevalla', 'Vapnyarka', '12/24/2121', '8/8/2121');
insert into user (user_id, name, license_no, license_expiry, phone, license_type, regi_type, reschedule_count, prefGLocation, prefG2location, pref_date_start, pref_date_end) values (18, 'Emmit Linsey', 'Nelson', '12/22/1981', '4125155119', 'Arthur Epps', 'Xever Cardello', 18, 'Firavitoba', 'Laiponda', '12/17/2119', '2/19/2121');
insert into user (user_id, name, license_no, license_expiry, phone, license_type, regi_type, reschedule_count, prefGLocation, prefG2location, pref_date_start, pref_date_end) values (19, 'Ashlan Graeme', 'Oriole', '11/12/2116', '2696859251', 'Hedi Shepperd', 'Mort Bruniges', 19, 'Matamey', 'Sceaux', '11/11/2121', '7/23/2121');
insert into user (user_id, name, license_no, license_expiry, phone, license_type, regi_type, reschedule_count, prefGLocation, prefG2location, pref_date_start, pref_date_end) values (21, 'Jacenta Langer', 'Blue Bill Park', '19/13/2112', '6977171115', 'Natividad Maffini', 'Brittni Bordone', 21, 'Kisela Voda', 'Ngrejo', '11/13/2121', '9/17/2121');
insert into user (user_id, name, license_no, license_expiry, phone, license_type, regi_type, reschedule_count, prefGLocation, prefG2location, pref_date_start, pref_date_end) values (22, 'Worthy Faustin', 'Hovde', '17/15/1974', '2393233417', 'Hertha Skiplorne', 'Charmain Lavin', 22, 'Sanban', 'Lianyuan', '9/26/2121', '4/28/2121');
insert into user (user_id, name, license_no, license_expiry, phone, license_type, regi_type, reschedule_count, prefGLocation, prefG2location, pref_date_start, pref_date_end) values (23, 'Kesley Picheford', 'Cascade', '14/24/2115', '4498178758', 'Murvyn Matuszkiewicz', 'Codi McRamsey', 23, 'Dzhayrakh', 'Huangjing', '5/17/2121', '5/22/2121');
insert into user (user_id, name, license_no, license_expiry, phone, license_type, regi_type, reschedule_count, prefGLocation, prefG2location, pref_date_start, pref_date_end) values (24, 'Hernando Roark', 'Ludington', '13/11/1962', '7966254131', 'Filberto Epperson', 'Roderick Woollaston', 24, 'Al Khafsah', 'Severomorsk', '6/25/2121', '2/11/2121');
insert into user (user_id, name, license_no, license_expiry, phone, license_type, regi_type, reschedule_count, prefGLocation, prefG2location, pref_date_start, pref_date_end) values (25, 'Charley Agirre', 'Marquette', '18/23/1969', '9199369567', 'Jamima Scobbie', 'Gary Hindmoor', 25, 'Shuidun', 'Dasiping', '9/24/2121', '8/17/2121');
insert into user (user_id, name, license_no, license_expiry, phone, license_type, regi_type, reschedule_count, prefGLocation, prefG2location, pref_date_start, pref_date_end) values (26, 'Nike Poxson', 'Stang', '15/12/1991', '5156443114', 'Grayce Govini', 'Calida Trapp', 26, 'Lubowidz', 'Chalu', '11/28/2121', '6/29/2121');
insert into user (user_id, name, license_no, license_expiry, phone, license_type, regi_type, reschedule_count, prefGLocation, prefG2location, pref_date_start, pref_date_end) values (27, 'Cathlene Tefft', 'Carioca', '17/27/1982', '3315667589', 'Virge Berget', 'Brew Bewshea', 27, 'Zhoukou', 'Midland', '1/16/2121', '6/13/2121');
insert into user (user_id, name, license_no, license_expiry, phone, license_type, regi_type, reschedule_count, prefGLocation, prefG2location, pref_date_start, pref_date_end) values (28, 'Susette Stut', 'Boyd', '19/19/2116', '6118857967', 'Quillan Purdom', 'Clayton Papen', 28, 'Shuangtang', 'Ube', '8/8/2121', '11/8/2121');
insert into user (user_id, name, license_no, license_expiry, phone, license_type, regi_type, reschedule_count, prefGLocation, prefG2location, pref_date_start, pref_date_end) values (29, 'Gussie Cisneros', 'Brown', '14/19/2119', '1197488514', 'Carey Voce', 'Dore Scrooby', 29, 'Mariposa', 'Kallinge', '1/26/2121', '7/23/2121');
insert into user (user_id, name, license_no, license_expiry, phone, license_type, regi_type, reschedule_count, prefGLocation, prefG2location, pref_date_start, pref_date_end) values (31, 'Mel Sivier', 'Manitowish', '17/26/2118', '6352571676', 'Richy Feavearyear', 'Vinnie Cavaney', 31, 'Chagang', 'Wilczyce', '4/14/2121', '4/13/2121');
insert into user (user_id, name, license_no, license_expiry, phone, license_type, regi_type, reschedule_count, prefGLocation, prefG2location, pref_date_start, pref_date_end) values (32, 'Orbadiah Bowle', 'Esker', '11/23/2119', '9653859626', 'Glen Saundercock', 'Ariana O''Currane', 32, 'Nice', 'Lamakera Dua', '3/1/2121', '12/25/2121');
insert into user (user_id, name, license_no, license_expiry, phone, license_type, regi_type, reschedule_count, prefGLocation, prefG2location, pref_date_start, pref_date_end) values (33, 'Catharina Zannetti', 'David', '17/18/1997', '7938145151', 'Teodoro Snoddon', 'Georgeta Chree', 33, 'Oslo', 'Pavlysh', '12/9/2121', '6/19/2121');
insert into user (user_id, name, license_no, license_expiry, phone, license_type, regi_type, reschedule_count, prefGLocation, prefG2location, pref_date_start, pref_date_end) values (34, 'Jaquenette Mosconi', 'Twin Pines', '15/17/1978', '3172583863', 'Inigo McCaughan', 'Malorie Coldridge', 34, 'Villa Nueva', 'Karanganyarkrajan', '9/24/2121', '11/26/2121');
insert into user (user_id, name, license_no, license_expiry, phone, license_type, regi_type, reschedule_count, prefGLocation, prefG2location, pref_date_start, pref_date_end) values (35, 'Daniele Eynon', 'Londonderry', '18/18/1977', '8575874386', 'Shannon Korting', 'Katrina Domnin', 35, 'Đắk Mil', 'Bitung', '3/29/2121', '6/26/2121');
insert into user (user_id, name, license_no, license_expiry, phone, license_type, regi_type, reschedule_count, prefGLocation, prefG2location, pref_date_start, pref_date_end) values (36, 'Sven Brunelli', 'Washington', '15/18/1963', '1133361782', 'Mickey Marchent', 'Tudor Muddimer', 36, 'Eydhafushi', 'Khallat Şāliḩ', '6/22/2121', '5/3/2121');
insert into user (user_id, name, license_no, license_expiry, phone, license_type, regi_type, reschedule_count, prefGLocation, prefG2location, pref_date_start, pref_date_end) values (37, 'Augustus Hullyer', 'Granby', '11/26/1962', '2395819727', 'Karry Floyde', 'Nydia Licence', 37, 'Taoyuan', 'Alegre', '3/4/2121', '1/7/2121');
insert into user (user_id, name, license_no, license_expiry, phone, license_type, regi_type, reschedule_count, prefGLocation, prefG2location, pref_date_start, pref_date_end) values (38, 'Jilleen Burrel', 'Del Sol', '12/13/1985', '3963299133', 'Marris Robic', 'Rutherford Decker', 38, 'Tangwang', 'El’brus', '2/18/2121', '11/11/2119');
insert into user (user_id, name, license_no, license_expiry, phone, license_type, regi_type, reschedule_count, prefGLocation, prefG2location, pref_date_start, pref_date_end) values (39, 'Nanny Seyffert', 'Pennsylvania', '17/13/1989', '3172236196', 'Marnie Eberst', 'Alena Lightwood', 39, 'Gorshechnoye', 'Richmond', '9/22/2121', '3/7/2121');
insert into user (user_id, name, license_no, license_expiry, phone, license_type, regi_type, reschedule_count, prefGLocation, prefG2location, pref_date_start, pref_date_end) values (41, 'Rayner Mellanby', 'Westend', '18/31/1993', '3931238196', 'Bella Petrasek', 'Sheeree Delagua', 41, 'Nungwi', 'Chengbei', '5/14/2121', '5/6/2121');
insert into user (user_id, name, license_no, license_expiry, phone, license_type, regi_type, reschedule_count, prefGLocation, prefG2location, pref_date_start, pref_date_end) values (42, 'Jobye Vereker', 'Fair Oaks', '14/11/1988', '1746171774', 'Ad Ingry', 'George Immins', 42, 'Kelungkung', 'Vágia', '7/31/2121', '8/28/2121');
insert into user (user_id, name, license_no, license_expiry, phone, license_type, regi_type, reschedule_count, prefGLocation, prefG2location, pref_date_start, pref_date_end) values (43, 'Olly Brookton', 'Lien', '12/15/2115', '9142435242', 'Wayland Cambridge', 'Barry Brosini', 43, 'Qingshan', 'Kulautuva', '11/15/2121', '4/11/2121');
insert into user (user_id, name, license_no, license_expiry, phone, license_type, regi_type, reschedule_count, prefGLocation, prefG2location, pref_date_start, pref_date_end) values (44, 'Reeva Kilmartin', 'Myrtle', '15/12/1965', '2666581722', 'Budd Barbisch', 'Dode Berrill', 44, 'Seixal', 'Rogoźnik', '12/6/2121', '11/3/2121');
insert into user (user_id, name, license_no, license_expiry, phone, license_type, regi_type, reschedule_count, prefGLocation, prefG2location, pref_date_start, pref_date_end) values (45, 'Nicole O''Curneen', 'Jay', '14/13/2111', '3512351171', 'Carma Posten', 'Roma Message', 45, 'Níkaia', 'Konibodom', '4/23/2121', '1/2/2121');
insert into user (user_id, name, license_no, license_expiry, phone, license_type, regi_type, reschedule_count, prefGLocation, prefG2location, pref_date_start, pref_date_end) values (46, 'Grange Davioud', 'Jackson', '16/22/2117', '9926431198', 'Jennine Kendred', 'Alexandro Georgi', 46, 'Yuankeng', 'Hobor', '6/25/2121', '11/5/2121');
insert into user (user_id, name, license_no, license_expiry, phone, license_type, regi_type, reschedule_count, prefGLocation, prefG2location, pref_date_start, pref_date_end) values (47, 'Artie Ouldcott', 'Hermina', '12/11/1971', '9165827141', 'Bevvy Darben', 'Harman Hazeup', 47, 'Łaskarzew', 'Purwosari', '12/8/2121', '8/31/2121');
insert into user (user_id, name, license_no, license_expiry, phone, license_type, regi_type, reschedule_count, prefGLocation, prefG2location, pref_date_start, pref_date_end) values (48, 'Heriberto Snozzwell', 'Monterey', '19/29/1996', '9611636997', 'Gus Simonite', 'Kellie Feldbaum', 48, 'Baoxia', 'Huanglin', '11/21/2121', '9/6/2121');
insert into user (user_id, name, license_no, license_expiry, phone, license_type, regi_type, reschedule_count, prefGLocation, prefG2location, pref_date_start, pref_date_end) values (49, 'Gabriellia Manuaud', 'Sachs', '11/27/2117', '1817214144', 'Joelynn Creeboe', 'Horacio Kendall', 49, 'Nangtang', 'Rawa', '11/25/2121', '1/13/2121');
insert into user (user_id, name, license_no, license_expiry, phone, license_type, regi_type, reschedule_count, prefGLocation, prefG2location, pref_date_start, pref_date_end) values (51, 'Denis Clemens', 'Gulseth', '12/16/1969', '6124131793', 'Allison Pink', 'Cati Culshew', 51, 'Saint Paul', 'Al Bājūr', '4/25/2121', '11/23/2119');


insert into admin (admin_id, name, email, phone) values (1, 'Brendin Dzenisenka', 'bdzenisenka1@mayoclinic.com', '2166317255');
insert into admin (admin_id, name, email, phone) values (2, 'Kiley Vittori', 'kvittori1@auda.org.au', '9963671231');
insert into admin (admin_id, name, email, phone) values (3, 'Aurore Ferrers', 'aferrers2@discuz.net', '8866139118');
insert into admin (admin_id, name, email, phone) values (4, 'Vania Pentecost', 'vpentecost3@wufoo.com', '8331197395');
insert into admin (admin_id, name, email, phone) values (5, 'Sigismond Giacomello', 'sgiacomello4@cam.ac.uk', '8382612118');
insert into admin (admin_id, name, email, phone) values (6, 'Jemimah Drable', 'jdrable5@statcounter.com', '9467195316');
insert into admin (admin_id, name, email, phone) values (7, 'Gaven Croome', 'gcroome6@mlb.com', '2258881185');
insert into admin (admin_id, name, email, phone) values (8, 'Cole Rack', 'crack7@blogtalkradio.com', '4552945695');
insert into admin (admin_id, name, email, phone) values (9, 'Samantha Tuite', 'stuite8@intel.com', '7878112366');
insert into admin (admin_id, name, email, phone) values (11, 'Hazlett Royle', 'hroyle9@acquirethisname.com', '3147676777');
insert into admin (admin_id, name, email, phone) values (12, 'Morgen Dwane', 'mdwaneb@comsenz.com', '2383647677');
insert into admin (admin_id, name, email, phone) values (13, 'Chris Dugald', 'cdugaldc@people.com.cn', '6665119228');
insert into admin (admin_id, name, email, phone) values (14, 'Juliana Ruspine', 'jruspined@w3.org', '1773153325');
insert into admin (admin_id, name, email, phone) values (15, 'Shawnee Yare', 'syaree@dailymotion.com', '8227292499');
insert into admin (admin_id, name, email, phone) values (16, 'Zechariah Rowesby', 'zrowesbyf@youku.com', '9685915394');
insert into admin (admin_id, name, email, phone) values (17, 'Russell MacGahey', 'rmacgaheyg@answers.com', '7442864147');
insert into admin (admin_id, name, email, phone) values (18, 'Koenraad Plank', 'kplankh@wufoo.com', '4119717614');
insert into admin (admin_id, name, email, phone) values (19, 'Charmaine Hatterslay', 'chatterslayi@salon.com', '1928642263');
insert into admin (admin_id, name, email, phone) values (21, 'Sheryl Roycroft', 'sroycroftj@desdev.cn', '6172411125');
insert into admin (admin_id, name, email, phone) values (22, 'Gordon Enriquez', 'genriquezl@nature.com', '9974559871');
insert into admin (admin_id, name, email, phone) values (23, 'Fergus Skottle', 'fskottlem@barnesandnoble.com', '2953613751');
insert into admin (admin_id, name, email, phone) values (24, 'Celisse Keam', 'ckeamn@linkedin.com', '7116734535');
insert into admin (admin_id, name, email, phone) values (25, 'Ricoriki MacGilmartin', 'rmacgilmartino@cbc.ca', '2123924816');


insert into admin_user (user_id, admin_id) values (5, 6);
insert into admin_user (user_id, admin_id) values (12, 8);
insert into admin_user (user_id, admin_id) values (17, 5);
insert into admin_user (user_id, admin_id) values (21, 4);
insert into admin_user (user_id, admin_id) values (22, 7);
insert into admin_user (user_id, admin_id) values (5, 7);
insert into admin_user (user_id, admin_id) values (6, 4);
insert into admin_user (user_id, admin_id) values (6, 1);
insert into admin_user (user_id, admin_id) values (9, 1);
insert into admin_user (user_id, admin_id) values (11, 1);
insert into admin_user (user_id, admin_id) values (1, 4);
insert into admin_user (user_id, admin_id) values (2, 11);
insert into admin_user (user_id, admin_id) values (2, 4);
insert into admin_user (user_id, admin_id) values (2, 9);
insert into admin_user (user_id, admin_id) values (2, 1);
insert into admin_user (user_id, admin_id) values (1, 4);
insert into admin_user (user_id, admin_id) values (1, 5);
insert into admin_user (user_id, admin_id) values (19, 3);
insert into admin_user (user_id, admin_id) values (18, 7);
insert into admin_user (user_id, admin_id) values (2, 3);
insert into admin_user (user_id, admin_id) values (2, 7);
insert into admin_user (user_id, admin_id) values (18, 6);
insert into admin_user (user_id, admin_id) values (14, 1);
insert into admin_user (user_id, admin_id) values (16, 5);
insert into admin_user (user_id, admin_id) values (12, 3);
insert into admin_user (user_id, admin_id) values (21, 8);
insert into admin_user (user_id, admin_id) values (1, 9);
insert into admin_user (user_id, admin_id) values (9, 9);
insert into admin_user (user_id, admin_id) values (1, 5);
insert into admin_user (user_id, admin_id) values (1, 11);
insert into admin_user (user_id, admin_id) values (18, 12);
insert into admin_user (user_id, admin_id) values (1, 6);
insert into admin_user (user_id, admin_id) values (5, 12);
insert into admin_user (user_id, admin_id) values (14, 7);
insert into admin_user (user_id, admin_id) values (4, 12);
insert into admin_user (user_id, admin_id) values (13, 1);
insert into admin_user (user_id, admin_id) values (11, 7);
insert into admin_user (user_id, admin_id) values (8, 3);
insert into admin_user (user_id, admin_id) values (5, 1);
insert into admin_user (user_id, admin_id) values (8, 5);
insert into admin_user (user_id, admin_id) values (2, 6);
insert into admin_user (user_id, admin_id) values (21, 1);
insert into admin_user (user_id, admin_id) values (7, 6);
